{
    "All Models": {
        "Linear Regression": {
            "MAE": 1.1989202792229092,
            "RMSE": 1.5054073114356623,
            "R2": 0.49445724012331727
        },
        "Random Forest": {
            "MAE": 1.2316373240683762,
            "RMSE": 1.5617360290720343,
            "R2": 0.4559170555455615
        },
        "XGBoost": {
            "MAE": 1.215621123791424,
            "RMSE": 1.5218295259152683,
            "R2": 0.4833673313794573
        },
        "Voting Regressor": {
            "MAE": 1.193213909238811,
            "RMSE": 1.5116710510258524,
            "R2": 0.49024153585707464
        }
    },
    "MAE": 1.193213909238811,
    "RMSE": 1.5116710510258524,
    "R2": 0.49024153585707464,
    "Best Optuna Params": {
        "n_estimators": 260,
        "max_depth": 4,
        "learning_rate": 0.010579158804205041,
        "min_child_weight": 8,
        "gamma": 0.4227378987654955,
        "subsample": 0.6310001835149743,
        "colsample_bytree": 0.8684212533824693
    }
}