{
    "All Models": {
        "Linear Regression": {
            "MAE": 1.1989202792229092,
            "RMSE": 1.5054073114356623,
            "R2": 0.49445724012331727
        },
        "Random Forest": {
            "MAE": 1.2316373240683762,
            "RMSE": 1.5617360290720343,
            "R2": 0.4559170555455615
        },
        "XGBoost": {
            "MAE": 1.1923026057955326,
            "RMSE": 1.5170783029337285,
            "R2": 0.48658819839594925
        },
        "Voting Regressor": {
            "MAE": 1.1843103302120457,
            "RMSE": 1.5062727518192078,
            "R2": 0.49387581225549493
        }
    },
    "MAE": 1.1843103302120457,
    "RMSE": 1.5062727518192078,
    "R2": 0.49387581225549493,
    "Best Optuna Params": {
        "n_estimators": 204,
        "max_depth": 4,
        "learning_rate": 0.04050207158569051,
        "min_child_weight": 4,
        "gamma": 0.3353179239027758,
        "subsample": 0.9411951091344521,
        "colsample_bytree": 0.6390031389933264
    }
}