{
    "Tasks Scheduled": 20000,
    "DQN Cumulative Reward": -397851.34375,
    "DQN Avg Reward": -19.892566680908203,
    "DQN Avg Wait Time": 54918.86559799999,
    "FCFS Avg Reward": -3.979498583458334,
    "FCFS Avg Wait Time": 22015.14200000001,
    "RR Avg Reward": -3.979498583458334,
    "RR Avg Wait Time": 22015.14200000001
}